"","kods","teritorija","Year","FDI","Subject","Measure"
"1","US","Amerikas Savienotās Valstis","1992",20.043,"INWARD","MLN_EUR"
"2","US","Amerikas Savienotās Valstis","1993",26.64,"INWARD","MLN_EUR"
"3","US","Amerikas Savienotās Valstis","1994",34.727,"INWARD","MLN_EUR"
"4","US","Amerikas Savienotās Valstis","1995",46.733,"INWARD","MLN_EUR"
"5","US","Amerikas Savienotās Valstis","1996",58.403,"INWARD","MLN_EUR"
"6","US","Amerikas Savienotās Valstis","1997",82.085,"INWARD","MLN_EUR"
"7","US","Amerikas Savienotās Valstis","1998",100.45,"INWARD","MLN_EUR"
"8","US","Amerikas Savienotās Valstis","1999",109.163,"INWARD","MLN_EUR"
"9","US","Amerikas Savienotās Valstis","2000",110.186,"INWARD","MLN_EUR"
"10","US","Amerikas Savienotās Valstis","2001",125.169,"INWARD","MLN_EUR"
"11","US","Amerikas Savienotās Valstis","2002",117.309,"INWARD","MLN_EUR"
"12","US","Amerikas Savienotās Valstis","2003",132.468,"INWARD","MLN_EUR"
"13","US","Amerikas Savienotās Valstis","2004",121.842,"INWARD","MLN_EUR"
"14","US","Amerikas Savienotās Valstis","2005",107.279,"INWARD","MLN_EUR"
"15","US","Amerikas Savienotās Valstis","2006",118.972,"INWARD","MLN_EUR"
"16","US","Amerikas Savienotās Valstis","2007",116.697,"INWARD","MLN_EUR"
"17","US","Amerikas Savienotās Valstis","2008",99.215,"INWARD","MLN_EUR"
"18","US","Amerikas Savienotās Valstis","2009",160.158,"INWARD","MLN_EUR"
"19","US","Amerikas Savienotās Valstis","2010",179.512,"INWARD","MLN_EUR"
"20","UK","Apvienotā Karaliste","1992",0.475,"INWARD","MLN_EUR"
"21","UK","Apvienotā Karaliste","1993",1.605,"INWARD","MLN_EUR"
"22","UK","Apvienotā Karaliste","1994",14.519,"INWARD","MLN_EUR"
"23","UK","Apvienotā Karaliste","1995",19.24,"INWARD","MLN_EUR"
"24","UK","Apvienotā Karaliste","1996",39.274,"INWARD","MLN_EUR"
"25","UK","Apvienotā Karaliste","1997",47.328,"INWARD","MLN_EUR"
"26","UK","Apvienotā Karaliste","1998",70.983,"INWARD","MLN_EUR"
"27","UK","Apvienotā Karaliste","1999",81.474,"INWARD","MLN_EUR"
"28","UK","Apvienotā Karaliste","2000",78.709,"INWARD","MLN_EUR"
"29","UK","Apvienotā Karaliste","2001",86.733,"INWARD","MLN_EUR"
"30","UK","Apvienotā Karaliste","2002",75.641,"INWARD","MLN_EUR"
"31","UK","Apvienotā Karaliste","2003",59.362,"INWARD","MLN_EUR"
"32","UK","Apvienotā Karaliste","2004",59.995,"INWARD","MLN_EUR"
"33","UK","Apvienotā Karaliste","2005",56.619,"INWARD","MLN_EUR"
"34","UK","Apvienotā Karaliste","2006",102.122,"INWARD","MLN_EUR"
"35","UK","Apvienotā Karaliste","2007",125.183,"INWARD","MLN_EUR"
"36","UK","Apvienotā Karaliste","2008",101.782,"INWARD","MLN_EUR"
"37","UK","Apvienotā Karaliste","2009",117.531,"INWARD","MLN_EUR"
"38","UK","Apvienotā Karaliste","2010",13.102,"INWARD","MLN_EUR"
"39","AU","Austrālija","1992",0,"INWARD","MLN_EUR"
"40","AU","Austrālija","1993",0.186,"INWARD","MLN_EUR"
"41","AU","Austrālija","1994",0.258,"INWARD","MLN_EUR"
"42","AU","Austrālija","1995",0.582,"INWARD","MLN_EUR"
"43","AU","Austrālija","1996",0.619,"INWARD","MLN_EUR"
"44","AU","Austrālija","1997",0.839,"INWARD","MLN_EUR"
"45","AU","Austrālija","1998",1.626,"INWARD","MLN_EUR"
"46","AU","Austrālija","1999",1.353,"INWARD","MLN_EUR"
"47","AU","Austrālija","2000",0.462,"INWARD","MLN_EUR"
"48","AU","Austrālija","2001",0.444,"INWARD","MLN_EUR"
"49","AU","Austrālija","2002",0.514,"INWARD","MLN_EUR"
"50","AU","Austrālija","2003",0.514,"INWARD","MLN_EUR"
"51","AU","Austrālija","2004",0.341,"INWARD","MLN_EUR"
"52","AU","Austrālija","2005",0.341,"INWARD","MLN_EUR"
"53","AU","Austrālija","2006",0,"INWARD","MLN_EUR"
"54","AU","Austrālija","2007",0.149,"INWARD","MLN_EUR"
"55","AU","Austrālija","2008",0,"INWARD","MLN_EUR"
"56","AU","Austrālija","2009",0,"INWARD","MLN_EUR"
"57","AU","Austrālija","2010",0,"INWARD","MLN_EUR"
"58","AT","Austrija","1992",0.095,"INWARD","MLN_EUR"
"59","AT","Austrija","1993",2.629,"INWARD","MLN_EUR"
"60","AT","Austrija","1994",6.544,"INWARD","MLN_EUR"
"61","AT","Austrija","1995",9.535,"INWARD","MLN_EUR"
"62","AT","Austrija","1996",12.443,"INWARD","MLN_EUR"
"63","AT","Austrija","1997",11.732,"INWARD","MLN_EUR"
"64","AT","Austrija","1998",11.457,"INWARD","MLN_EUR"
"65","AT","Austrija","1999",9.685,"INWARD","MLN_EUR"
"66","AT","Austrija","2000",6.781,"INWARD","MLN_EUR"
"67","AT","Austrija","2001",7.951,"INWARD","MLN_EUR"
"68","AT","Austrija","2002",8.724,"INWARD","MLN_EUR"
"69","AT","Austrija","2003",10.758,"INWARD","MLN_EUR"
"70","AT","Austrija","2004",10.64,"INWARD","MLN_EUR"
"71","AT","Austrija","2005",24.678,"INWARD","MLN_EUR"
"72","AT","Austrija","2006",10.203,"INWARD","MLN_EUR"
"73","AT","Austrija","2007",72.263,"INWARD","MLN_EUR"
"74","AT","Austrija","2008",73.645,"INWARD","MLN_EUR"
"75","AT","Austrija","2009",103.663,"INWARD","MLN_EUR"
"76","AT","Austrija","2010",153.605,"INWARD","MLN_EUR"
"77","BS","Bahamu salas","1992",0,"INWARD","MLN_EUR"
"78","BS","Bahamu salas","1993",0.033,"INWARD","MLN_EUR"
"79","BS","Bahamu salas","1994",0.027,"INWARD","MLN_EUR"
"80","BS","Bahamu salas","1995",1.04,"INWARD","MLN_EUR"
"81","BS","Bahamu salas","1996",1.299,"INWARD","MLN_EUR"
"82","BS","Bahamu salas","1997",0.023,"INWARD","MLN_EUR"
"83","BS","Bahamu salas","1998",1.461,"INWARD","MLN_EUR"
"84","BS","Bahamu salas","1999",6.591,"INWARD","MLN_EUR"
"85","BS","Bahamu salas","2000",7.777,"INWARD","MLN_EUR"
"86","BS","Bahamu salas","2001",8.049,"INWARD","MLN_EUR"
"87","BS","Bahamu salas","2002",8.049,"INWARD","MLN_EUR"
"88","BS","Bahamu salas","2003",8.288,"INWARD","MLN_EUR"
"89","BS","Bahamu salas","2004",7.58,"INWARD","MLN_EUR"
"90","BS","Bahamu salas","2005",3.278,"INWARD","MLN_EUR"
"91","BS","Bahamu salas","2006",3.147,"INWARD","MLN_EUR"
"92","BS","Bahamu salas","2007",0.371,"INWARD","MLN_EUR"
"93","BS","Bahamu salas","2008",0.194,"INWARD","MLN_EUR"
"94","BS","Bahamu salas","2009",0.194,"INWARD","MLN_EUR"
"95","BS","Bahamu salas","2010",13.93,"INWARD","MLN_EUR"
"96","BY","Baltkrievija","1992",0.041,"INWARD","MLN_EUR"
"97","BY","Baltkrievija","1993",0.198,"INWARD","MLN_EUR"
"98","BY","Baltkrievija","1994",1.544,"INWARD","MLN_EUR"
"99","BY","Baltkrievija","1995",2.352,"INWARD","MLN_EUR"
"100","BY","Baltkrievija","1996",2.866,"INWARD","MLN_EUR"
"101","BY","Baltkrievija","1997",2.658,"INWARD","MLN_EUR"
"102","BY","Baltkrievija","1998",2.453,"INWARD","MLN_EUR"
"103","BY","Baltkrievija","1999",2.507,"INWARD","MLN_EUR"
"104","BY","Baltkrievija","2000",2.501,"INWARD","MLN_EUR"
"105","BY","Baltkrievija","2001",2.336,"INWARD","MLN_EUR"
"106","BY","Baltkrievija","2002",2.638,"INWARD","MLN_EUR"
"107","BY","Baltkrievija","2003",1.874,"INWARD","MLN_EUR"
"108","BY","Baltkrievija","2004",0.36,"INWARD","MLN_EUR"
"109","BY","Baltkrievija","2005",0.849,"INWARD","MLN_EUR"
"110","BY","Baltkrievija","2006",0.837,"INWARD","MLN_EUR"
"111","BY","Baltkrievija","2007",1.248,"INWARD","MLN_EUR"
"112","BY","Baltkrievija","2008",2.291,"INWARD","MLN_EUR"
"113","BY","Baltkrievija","2009",4.879,"INWARD","MLN_EUR"
"114","BY","Baltkrievija","2010",3.571,"INWARD","MLN_EUR"
"115","BE","Beļģija","1992",0.081,"INWARD","MLN_EUR"
"116","BE","Beļģija","1993",0.1,"INWARD","MLN_EUR"
"117","BE","Beļģija","1994",0.11,"INWARD","MLN_EUR"
"118","BE","Beļģija","1995",1.308,"INWARD","MLN_EUR"
"119","BE","Beļģija","1996",0.898,"INWARD","MLN_EUR"
"120","BE","Beļģija","1997",1.052,"INWARD","MLN_EUR"
"121","BE","Beļģija","1998",0.962,"INWARD","MLN_EUR"
"122","BE","Beļģija","1999",0.39,"INWARD","MLN_EUR"
"123","BE","Beļģija","2000",0.341,"INWARD","MLN_EUR"
"124","BE","Beļģija","2001",3.867,"INWARD","MLN_EUR"
"125","BE","Beļģija","2002",3.722,"INWARD","MLN_EUR"
"126","BE","Beļģija","2003",5.047,"INWARD","MLN_EUR"
"127","BE","Beļģija","2004",5.09,"INWARD","MLN_EUR"
"128","BE","Beļģija","2005",5.407,"INWARD","MLN_EUR"
"129","BE","Beļģija","2006",4.863,"INWARD","MLN_EUR"
"130","BE","Beļģija","2007",4.912,"INWARD","MLN_EUR"
"131","BE","Beļģija","2008",5.007,"INWARD","MLN_EUR"
"132","BE","Beļģija","2009",4.01,"INWARD","MLN_EUR"
"133","BE","Beļģija","2010",4.553,"INWARD","MLN_EUR"
"134","BM","Bermudu salas","1992",NA,"INWARD","MLN_EUR"
"135","BM","Bermudu salas","1993",NA,"INWARD","MLN_EUR"
"136","BM","Bermudu salas","1994",0.048,"INWARD","MLN_EUR"
"137","BM","Bermudu salas","1995",0.037,"INWARD","MLN_EUR"
"138","BM","Bermudu salas","1996",0.356,"INWARD","MLN_EUR"
"139","BM","Bermudu salas","1997",2.399,"INWARD","MLN_EUR"
"140","BM","Bermudu salas","1998",1.271,"INWARD","MLN_EUR"
"141","BM","Bermudu salas","1999",1.271,"INWARD","MLN_EUR"
"142","BM","Bermudu salas","2000",0.206,"INWARD","MLN_EUR"
"143","BM","Bermudu salas","2001",0.206,"INWARD","MLN_EUR"
"144","BM","Bermudu salas","2002",0,"INWARD","MLN_EUR"
"145","BM","Bermudu salas","2003",0,"INWARD","MLN_EUR"
"146","BM","Bermudu salas","2004",1.76,"INWARD","MLN_EUR"
"147","BM","Bermudu salas","2005",1.76,"INWARD","MLN_EUR"
"148","BM","Bermudu salas","2006",2.04,"INWARD","MLN_EUR"
"149","BM","Bermudu salas","2007",2.04,"INWARD","MLN_EUR"
"150","BM","Bermudu salas","2008",2.04,"INWARD","MLN_EUR"
"151","BM","Bermudu salas","2009",2.04,"INWARD","MLN_EUR"
"152","BM","Bermudu salas","2010",2.04,"INWARD","MLN_EUR"
"153","VG","Britu Virdžīnas","1992",0,"INWARD","MLN_EUR"
"154","VG","Britu Virdžīnas","1993",0.013,"INWARD","MLN_EUR"
"155","VG","Britu Virdžīnas","1994",1.124,"INWARD","MLN_EUR"
"156","VG","Britu Virdžīnas","1995",1.372,"INWARD","MLN_EUR"
"157","VG","Britu Virdžīnas","1996",0.926,"INWARD","MLN_EUR"
"158","VG","Britu Virdžīnas","1997",0.882,"INWARD","MLN_EUR"
"159","VG","Britu Virdžīnas","1998",1.559,"INWARD","MLN_EUR"
"160","VG","Britu Virdžīnas","1999",1.393,"INWARD","MLN_EUR"
"161","VG","Britu Virdžīnas","2000",4.308,"INWARD","MLN_EUR"
"162","VG","Britu Virdžīnas","2001",3.433,"INWARD","MLN_EUR"
"163","VG","Britu Virdžīnas","2002",7.363,"INWARD","MLN_EUR"
"164","VG","Britu Virdžīnas","2003",9.431,"INWARD","MLN_EUR"
"165","VG","Britu Virdžīnas","2004",13.14,"INWARD","MLN_EUR"
"166","VG","Britu Virdžīnas","2005",17.8,"INWARD","MLN_EUR"
"167","VG","Britu Virdžīnas","2006",23.442,"INWARD","MLN_EUR"
"168","VG","Britu Virdžīnas","2007",32.87,"INWARD","MLN_EUR"
"169","VG","Britu Virdžīnas","2008",38.274,"INWARD","MLN_EUR"
"170","VG","Britu Virdžīnas","2009",41.908,"INWARD","MLN_EUR"
"171","VG","Britu Virdžīnas","2010",43.052,"INWARD","MLN_EUR"
"172","BG","Bulgārija","1992",NA,"INWARD","MLN_EUR"
"173","BG","Bulgārija","1993",NA,"INWARD","MLN_EUR"
"174","BG","Bulgārija","1994",NA,"INWARD","MLN_EUR"
"175","BG","Bulgārija","1995",NA,"INWARD","MLN_EUR"
"176","BG","Bulgārija","1996",NA,"INWARD","MLN_EUR"
"177","BG","Bulgārija","1997",1.153,"INWARD","MLN_EUR"
"178","BG","Bulgārija","1998",1.022,"INWARD","MLN_EUR"
"179","BG","Bulgārija","1999",0.978,"INWARD","MLN_EUR"
"180","BG","Bulgārija","2000",0.978,"INWARD","MLN_EUR"
"181","BG","Bulgārija","2001",0.983,"INWARD","MLN_EUR"
"182","BG","Bulgārija","2002",0.006,"INWARD","MLN_EUR"
"183","BG","Bulgārija","2003",0.006,"INWARD","MLN_EUR"
"184","BG","Bulgārija","2004",NA,"INWARD","MLN_EUR"
"185","BG","Bulgārija","2005",0.212,"INWARD","MLN_EUR"
"186","BG","Bulgārija","2006",0.003,"INWARD","MLN_EUR"
"187","BG","Bulgārija","2007",0.003,"INWARD","MLN_EUR"
"188","BG","Bulgārija","2008",0.003,"INWARD","MLN_EUR"
"189","BG","Bulgārija","2009",2.14,"INWARD","MLN_EUR"
"190","BG","Bulgārija","2010",2.14,"INWARD","MLN_EUR"
"191","CZ","Čehija","1992",NA,"INWARD","MLN_EUR"
"192","CZ","Čehija","1993",NA,"INWARD","MLN_EUR"
"193","CZ","Čehija","1994",NA,"INWARD","MLN_EUR"
"194","CZ","Čehija","1995",NA,"INWARD","MLN_EUR"
"195","CZ","Čehija","1996",NA,"INWARD","MLN_EUR"
"196","CZ","Čehija","1997",0.495,"INWARD","MLN_EUR"
"197","CZ","Čehija","1998",0.494,"INWARD","MLN_EUR"
"198","CZ","Čehija","1999",0.909,"INWARD","MLN_EUR"
"199","CZ","Čehija","2000",0.778,"INWARD","MLN_EUR"
"200","CZ","Čehija","2001",0.921,"INWARD","MLN_EUR"
"201","CZ","Čehija","2002",0.918,"INWARD","MLN_EUR"
"202","CZ","Čehija","2003",1.386,"INWARD","MLN_EUR"
"203","CZ","Čehija","2004",0.223,"INWARD","MLN_EUR"
"204","CZ","Čehija","2005",1.333,"INWARD","MLN_EUR"
"205","CZ","Čehija","2006",1.191,"INWARD","MLN_EUR"
"206","CZ","Čehija","2007",2.568,"INWARD","MLN_EUR"
"207","CZ","Čehija","2008",2.255,"INWARD","MLN_EUR"
"208","CZ","Čehija","2009",3.625,"INWARD","MLN_EUR"
"209","CZ","Čehija","2010",3.527,"INWARD","MLN_EUR"
"210","DK","Dānija","1992",1.611,"INWARD","MLN_EUR"
"211","DK","Dānija","1993",2.988,"INWARD","MLN_EUR"
"212","DK","Dānija","1994",65.011,"INWARD","MLN_EUR"
"213","DK","Dānija","1995",101.518,"INWARD","MLN_EUR"
"214","DK","Dānija","1996",141.433,"INWARD","MLN_EUR"
"215","DK","Dānija","1997",142.341,"INWARD","MLN_EUR"
"216","DK","Dānija","1998",142.556,"INWARD","MLN_EUR"
"217","DK","Dānija","1999",151.65,"INWARD","MLN_EUR"
"218","DK","Dānija","2000",165.766,"INWARD","MLN_EUR"
"219","DK","Dānija","2001",174.519,"INWARD","MLN_EUR"
"220","DK","Dānija","2002",185.274,"INWARD","MLN_EUR"
"221","DK","Dānija","2003",169.091,"INWARD","MLN_EUR"
"222","DK","Dānija","2004",167.586,"INWARD","MLN_EUR"
"223","DK","Dānija","2005",228.296,"INWARD","MLN_EUR"
"224","DK","Dānija","2006",255.555,"INWARD","MLN_EUR"
"225","DK","Dānija","2007",344.634,"INWARD","MLN_EUR"
"226","DK","Dānija","2008",324.457,"INWARD","MLN_EUR"
"227","DK","Dānija","2009",381.194,"INWARD","MLN_EUR"
"228","DK","Dānija","2010",376.593,"INWARD","MLN_EUR"
"229","JE","Džersija","1992",NA,"INWARD","MLN_EUR"
"230","JE","Džersija","1993",NA,"INWARD","MLN_EUR"
"231","JE","Džersija","1994",NA,"INWARD","MLN_EUR"
"232","JE","Džersija","1995",NA,"INWARD","MLN_EUR"
"233","JE","Džersija","1996",NA,"INWARD","MLN_EUR"
"234","JE","Džersija","1997",NA,"INWARD","MLN_EUR"
"235","JE","Džersija","1998",NA,"INWARD","MLN_EUR"
"236","JE","Džersija","1999",NA,"INWARD","MLN_EUR"
"237","JE","Džersija","2000",NA,"INWARD","MLN_EUR"
"238","JE","Džersija","2001",0.922,"INWARD","MLN_EUR"
"239","JE","Džersija","2002",1.242,"INWARD","MLN_EUR"
"240","JE","Džersija","2003",1.256,"INWARD","MLN_EUR"
"241","JE","Džersija","2004",1.207,"INWARD","MLN_EUR"
"242","JE","Džersija","2005",3.543,"INWARD","MLN_EUR"
"243","JE","Džersija","2006",6.724,"INWARD","MLN_EUR"
"244","JE","Džersija","2007",6.79,"INWARD","MLN_EUR"
"245","JE","Džersija","2008",11.155,"INWARD","MLN_EUR"
"246","JE","Džersija","2009",12.873,"INWARD","MLN_EUR"
"247","JE","Džersija","2010",15.3,"INWARD","MLN_EUR"
"248","FR","Francija","1992",NA,"INWARD","MLN_EUR"
"249","FR","Francija","1993",NA,"INWARD","MLN_EUR"
"250","FR","Francija","1994",NA,"INWARD","MLN_EUR"
"251","FR","Francija","1995",NA,"INWARD","MLN_EUR"
"252","FR","Francija","1996",NA,"INWARD","MLN_EUR"
"253","FR","Francija","1997",0.326,"INWARD","MLN_EUR"
"254","FR","Francija","1998",0.875,"INWARD","MLN_EUR"
"255","FR","Francija","1999",0.418,"INWARD","MLN_EUR"
"256","FR","Francija","2000",0.421,"INWARD","MLN_EUR"
"257","FR","Francija","2001",0.586,"INWARD","MLN_EUR"
"258","FR","Francija","2002",0.586,"INWARD","MLN_EUR"
"259","FR","Francija","2003",0.586,"INWARD","MLN_EUR"
"260","FR","Francija","2004",0.746,"INWARD","MLN_EUR"
"261","FR","Francija","2005",0.993,"INWARD","MLN_EUR"
"262","FR","Francija","2006",2.543,"INWARD","MLN_EUR"
"263","FR","Francija","2007",3.009,"INWARD","MLN_EUR"
"264","FR","Francija","2008",39.126,"INWARD","MLN_EUR"
"265","FR","Francija","2009",38.045,"INWARD","MLN_EUR"
"266","FR","Francija","2010",50.577,"INWARD","MLN_EUR"
"267","GG","Gērnsija","1992",NA,"INWARD","MLN_EUR"
"268","GG","Gērnsija","1993",NA,"INWARD","MLN_EUR"
"269","GG","Gērnsija","1994",NA,"INWARD","MLN_EUR"
"270","GG","Gērnsija","1995",NA,"INWARD","MLN_EUR"
"271","GG","Gērnsija","1996",NA,"INWARD","MLN_EUR"
"272","GG","Gērnsija","1997",NA,"INWARD","MLN_EUR"
"273","GG","Gērnsija","1998",NA,"INWARD","MLN_EUR"
"274","GG","Gērnsija","1999",NA,"INWARD","MLN_EUR"
"275","GG","Gērnsija","2000",NA,"INWARD","MLN_EUR"
"276","GG","Gērnsija","2001",NA,"INWARD","MLN_EUR"
"277","GG","Gērnsija","2002",16.961,"INWARD","MLN_EUR"
"278","GG","Gērnsija","2003",23.204,"INWARD","MLN_EUR"
"279","GG","Gērnsija","2004",42.143,"INWARD","MLN_EUR"
"280","GG","Gērnsija","2005",37.874,"INWARD","MLN_EUR"
"281","GG","Gērnsija","2006",38.79,"INWARD","MLN_EUR"
"282","GG","Gērnsija","2007",38.79,"INWARD","MLN_EUR"
"283","GG","Gērnsija","2008",79.413,"INWARD","MLN_EUR"
"284","GG","Gērnsija","2009",79.328,"INWARD","MLN_EUR"
"285","GG","Gērnsija","2010",79.607,"INWARD","MLN_EUR"
"286","GI","Gibraltārs (Lielbritānija)","1992",0,"INWARD","MLN_EUR"
"287","GI","Gibraltārs (Lielbritānija)","1993",0,"INWARD","MLN_EUR"
"288","GI","Gibraltārs (Lielbritānija)","1994",0,"INWARD","MLN_EUR"
"289","GI","Gibraltārs (Lielbritānija)","1995",0.074,"INWARD","MLN_EUR"
"290","GI","Gibraltārs (Lielbritānija)","1996",0.046,"INWARD","MLN_EUR"
"291","GI","Gibraltārs (Lielbritānija)","1997",0.003,"INWARD","MLN_EUR"
"292","GI","Gibraltārs (Lielbritānija)","1998",NA,"INWARD","MLN_EUR"
"293","GI","Gibraltārs (Lielbritānija)","1999",NA,"INWARD","MLN_EUR"
"294","GI","Gibraltārs (Lielbritānija)","2000",0.238,"INWARD","MLN_EUR"
"295","GI","Gibraltārs (Lielbritānija)","2001",3.389,"INWARD","MLN_EUR"
"296","GI","Gibraltārs (Lielbritānija)","2002",8.056,"INWARD","MLN_EUR"
"297","GI","Gibraltārs (Lielbritānija)","2003",8.678,"INWARD","MLN_EUR"
"298","GI","Gibraltārs (Lielbritānija)","2004",4.785,"INWARD","MLN_EUR"
"299","GI","Gibraltārs (Lielbritānija)","2005",5.095,"INWARD","MLN_EUR"
"300","GI","Gibraltārs (Lielbritānija)","2006",2.597,"INWARD","MLN_EUR"
"301","GI","Gibraltārs (Lielbritānija)","2007",2.24,"INWARD","MLN_EUR"
"302","GI","Gibraltārs (Lielbritānija)","2008",0.36,"INWARD","MLN_EUR"
"303","GI","Gibraltārs (Lielbritānija)","2009",0.36,"INWARD","MLN_EUR"
"304","GI","Gibraltārs (Lielbritānija)","2010",0.115,"INWARD","MLN_EUR"
"305","HK","Honkonga","1992",NA,"INWARD","MLN_EUR"
"306","HK","Honkonga","1993",NA,"INWARD","MLN_EUR"
"307","HK","Honkonga","1994",NA,"INWARD","MLN_EUR"
"308","HK","Honkonga","1995",NA,"INWARD","MLN_EUR"
"309","HK","Honkonga","1996",NA,"INWARD","MLN_EUR"
"310","HK","Honkonga","1997",0.009,"INWARD","MLN_EUR"
"311","HK","Honkonga","1998",0.009,"INWARD","MLN_EUR"
"312","HK","Honkonga","1999",8.987,"INWARD","MLN_EUR"
"313","HK","Honkonga","2000",8.991,"INWARD","MLN_EUR"
"314","HK","Honkonga","2001",8.99,"INWARD","MLN_EUR"
"315","HK","Honkonga","2002",8.99,"INWARD","MLN_EUR"
"316","HK","Honkonga","2003",11.024,"INWARD","MLN_EUR"
"317","HK","Honkonga","2004",12.736,"INWARD","MLN_EUR"
"318","HK","Honkonga","2005",12.736,"INWARD","MLN_EUR"
"319","HK","Honkonga","2006",12.736,"INWARD","MLN_EUR"
"320","HK","Honkonga","2007",1.821,"INWARD","MLN_EUR"
"321","HK","Honkonga","2008",0.366,"INWARD","MLN_EUR"
"322","HK","Honkonga","2009",3.516,"INWARD","MLN_EUR"
"323","HK","Honkonga","2010",0,"INWARD","MLN_EUR"
"324","EE","Igaunija","1992",0.02,"INWARD","MLN_EUR"
"325","EE","Igaunija","1993",0.282,"INWARD","MLN_EUR"
"326","EE","Igaunija","1994",0.515,"INWARD","MLN_EUR"
"327","EE","Igaunija","1995",1.081,"INWARD","MLN_EUR"
"328","EE","Igaunija","1996",7.622,"INWARD","MLN_EUR"
"329","EE","Igaunija","1997",31.233,"INWARD","MLN_EUR"
"330","EE","Igaunija","1998",36.548,"INWARD","MLN_EUR"
"331","EE","Igaunija","1999",54.97,"INWARD","MLN_EUR"
"332","EE","Igaunija","2000",71.829,"INWARD","MLN_EUR"
"333","EE","Igaunija","2001",90.325,"INWARD","MLN_EUR"
"334","EE","Igaunija","2002",106.227,"INWARD","MLN_EUR"
"335","EE","Igaunija","2003",114.463,"INWARD","MLN_EUR"
"336","EE","Igaunija","2004",164.046,"INWARD","MLN_EUR"
"337","EE","Igaunija","2005",233.435,"INWARD","MLN_EUR"
"338","EE","Igaunija","2006",371.812,"INWARD","MLN_EUR"
"339","EE","Igaunija","2007",721.715,"INWARD","MLN_EUR"
"340","EE","Igaunija","2008",712.729,"INWARD","MLN_EUR"
"341","EE","Igaunija","2009",1110.52,"INWARD","MLN_EUR"
"342","EE","Igaunija","2010",1144.552,"INWARD","MLN_EUR"
"343","IE","Īrija","1992",0.061,"INWARD","MLN_EUR"
"344","IE","Īrija","1993",3.516,"INWARD","MLN_EUR"
"345","IE","Īrija","1994",10.983,"INWARD","MLN_EUR"
"346","IE","Īrija","1995",15.485,"INWARD","MLN_EUR"
"347","IE","Īrija","1996",17.111,"INWARD","MLN_EUR"
"348","IE","Īrija","1997",37.47,"INWARD","MLN_EUR"
"349","IE","Īrija","1998",49.495,"INWARD","MLN_EUR"
"350","IE","Īrija","1999",43.392,"INWARD","MLN_EUR"
"351","IE","Īrija","2000",24.619,"INWARD","MLN_EUR"
"352","IE","Īrija","2001",34.008,"INWARD","MLN_EUR"
"353","IE","Īrija","2002",30.878,"INWARD","MLN_EUR"
"354","IE","Īrija","2003",10.269,"INWARD","MLN_EUR"
"355","IE","Īrija","2004",1.974,"INWARD","MLN_EUR"
"356","IE","Īrija","2005",11.636,"INWARD","MLN_EUR"
"357","IE","Īrija","2006",1.345,"INWARD","MLN_EUR"
"358","IE","Īrija","2007",7.846,"INWARD","MLN_EUR"
"359","IE","Īrija","2008",2.486,"INWARD","MLN_EUR"
"360","IE","Īrija","2009",4.375,"INWARD","MLN_EUR"
"361","IE","Īrija","2010",5.169,"INWARD","MLN_EUR"
"362","IS","Islande","1992",0,"INWARD","MLN_EUR"
"363","IS","Islande","1993",0,"INWARD","MLN_EUR"
"364","IS","Islande","1994",0.37,"INWARD","MLN_EUR"
"365","IS","Islande","1995",0.77,"INWARD","MLN_EUR"
"366","IS","Islande","1996",1.325,"INWARD","MLN_EUR"
"367","IS","Islande","1997",0.558,"INWARD","MLN_EUR"
"368","IS","Islande","1998",0.095,"INWARD","MLN_EUR"
"369","IS","Islande","1999",2.214,"INWARD","MLN_EUR"
"370","IS","Islande","2000",0.337,"INWARD","MLN_EUR"
"371","IS","Islande","2001",1.238,"INWARD","MLN_EUR"
"372","IS","Islande","2002",2.241,"INWARD","MLN_EUR"
"373","IS","Islande","2003",2.795,"INWARD","MLN_EUR"
"374","IS","Islande","2004",3.406,"INWARD","MLN_EUR"
"375","IS","Islande","2005",5.108,"INWARD","MLN_EUR"
"376","IS","Islande","2006",30.737,"INWARD","MLN_EUR"
"377","IS","Islande","2007",47.932,"INWARD","MLN_EUR"
"378","IS","Islande","2008",54.421,"INWARD","MLN_EUR"
"379","IS","Islande","2009",82.611,"INWARD","MLN_EUR"
"380","IS","Islande","2010",97.793,"INWARD","MLN_EUR"
"381","IT","Itālija","1992",0.663,"INWARD","MLN_EUR"
"382","IT","Itālija","1993",0.724,"INWARD","MLN_EUR"
"383","IT","Itālija","1994",0.898,"INWARD","MLN_EUR"
"384","IT","Itālija","1995",0.921,"INWARD","MLN_EUR"
"385","IT","Itālija","1996",0.876,"INWARD","MLN_EUR"
"386","IT","Itālija","1997",0.783,"INWARD","MLN_EUR"
"387","IT","Itālija","1998",1.12,"INWARD","MLN_EUR"
"388","IT","Itālija","1999",0.815,"INWARD","MLN_EUR"
"389","IT","Itālija","2000",0.733,"INWARD","MLN_EUR"
"390","IT","Itālija","2001",5.215,"INWARD","MLN_EUR"
"391","IT","Itālija","2002",11.135,"INWARD","MLN_EUR"
"392","IT","Itālija","2003",8.829,"INWARD","MLN_EUR"
"393","IT","Itālija","2004",1.488,"INWARD","MLN_EUR"
"394","IT","Itālija","2005",3.24,"INWARD","MLN_EUR"
"395","IT","Itālija","2006",3.59,"INWARD","MLN_EUR"
"396","IT","Itālija","2007",2.11,"INWARD","MLN_EUR"
"397","IT","Itālija","2008",1.834,"INWARD","MLN_EUR"
"398","IT","Itālija","2009",2.58,"INWARD","MLN_EUR"
"399","IT","Itālija","2010",8.365,"INWARD","MLN_EUR"
"400","NZ","Jaunzēlande","1992",0,"INWARD","MLN_EUR"
"401","NZ","Jaunzēlande","1993",0.003,"INWARD","MLN_EUR"
"402","NZ","Jaunzēlande","1994",0.006,"INWARD","MLN_EUR"
"403","NZ","Jaunzēlande","1995",0.006,"INWARD","MLN_EUR"
"404","NZ","Jaunzēlande","1996",0.006,"INWARD","MLN_EUR"
"405","NZ","Jaunzēlande","1997",NA,"INWARD","MLN_EUR"
"406","NZ","Jaunzēlande","1998",NA,"INWARD","MLN_EUR"
"407","NZ","Jaunzēlande","1999",NA,"INWARD","MLN_EUR"
"408","NZ","Jaunzēlande","2000",NA,"INWARD","MLN_EUR"
"409","NZ","Jaunzēlande","2001",0.003,"INWARD","MLN_EUR"
"410","NZ","Jaunzēlande","2002",15.774,"INWARD","MLN_EUR"
"411","NZ","Jaunzēlande","2003",15.757,"INWARD","MLN_EUR"
"412","NZ","Jaunzēlande","2004",17.19,"INWARD","MLN_EUR"
"413","NZ","Jaunzēlande","2005",20.781,"INWARD","MLN_EUR"
"414","NZ","Jaunzēlande","2006",21.502,"INWARD","MLN_EUR"
"415","NZ","Jaunzēlande","2007",24.835,"INWARD","MLN_EUR"
"416","NZ","Jaunzēlande","2008",32.72,"INWARD","MLN_EUR"
"417","NZ","Jaunzēlande","2009",34.634,"INWARD","MLN_EUR"
"418","NZ","Jaunzēlande","2010",37.433,"INWARD","MLN_EUR"
"419","KY","Kaimanu salas","1992",NA,"INWARD","MLN_EUR"
"420","KY","Kaimanu salas","1993",NA,"INWARD","MLN_EUR"
"421","KY","Kaimanu salas","1994",NA,"INWARD","MLN_EUR"
"422","KY","Kaimanu salas","1995",NA,"INWARD","MLN_EUR"
"423","KY","Kaimanu salas","1996",NA,"INWARD","MLN_EUR"
"424","KY","Kaimanu salas","1997",0.253,"INWARD","MLN_EUR"
"425","KY","Kaimanu salas","1998",8.698,"INWARD","MLN_EUR"
"426","KY","Kaimanu salas","1999",11.475,"INWARD","MLN_EUR"
"427","KY","Kaimanu salas","2000",8.507,"INWARD","MLN_EUR"
"428","KY","Kaimanu salas","2001",5.583,"INWARD","MLN_EUR"
"429","KY","Kaimanu salas","2002",5.758,"INWARD","MLN_EUR"
"430","KY","Kaimanu salas","2003",0.892,"INWARD","MLN_EUR"
"431","KY","Kaimanu salas","2004",0.753,"INWARD","MLN_EUR"
"432","KY","Kaimanu salas","2005",3.204,"INWARD","MLN_EUR"
"433","KY","Kaimanu salas","2006",2.238,"INWARD","MLN_EUR"
"434","KY","Kaimanu salas","2007",3.204,"INWARD","MLN_EUR"
"435","KY","Kaimanu salas","2008",2.369,"INWARD","MLN_EUR"
"436","KY","Kaimanu salas","2009",2.684,"INWARD","MLN_EUR"
"437","KY","Kaimanu salas","2010",8.177,"INWARD","MLN_EUR"
"438","CA","Kanāda","1992",0.324,"INWARD","MLN_EUR"
"439","CA","Kanāda","1993",0.332,"INWARD","MLN_EUR"
"440","CA","Kanāda","1994",0.216,"INWARD","MLN_EUR"
"441","CA","Kanāda","1995",0.118,"INWARD","MLN_EUR"
"442","CA","Kanāda","1996",0.189,"INWARD","MLN_EUR"
"443","CA","Kanāda","1997",0.189,"INWARD","MLN_EUR"
"444","CA","Kanāda","1998",0.168,"INWARD","MLN_EUR"
"445","CA","Kanāda","1999",0.787,"INWARD","MLN_EUR"
"446","CA","Kanāda","2000",3.911,"INWARD","MLN_EUR"
"447","CA","Kanāda","2001",4.152,"INWARD","MLN_EUR"
"448","CA","Kanāda","2002",4.123,"INWARD","MLN_EUR"
"449","CA","Kanāda","2003",3.902,"INWARD","MLN_EUR"
"450","CA","Kanāda","2004",0.794,"INWARD","MLN_EUR"
"451","CA","Kanāda","2005",1.188,"INWARD","MLN_EUR"
"452","CA","Kanāda","2006",1.14,"INWARD","MLN_EUR"
"453","CA","Kanāda","2007",1.123,"INWARD","MLN_EUR"
"454","CA","Kanāda","2008",1.128,"INWARD","MLN_EUR"
"455","CA","Kanāda","2009",7.296,"INWARD","MLN_EUR"
"456","CA","Kanāda","2010",6.596,"INWARD","MLN_EUR"
"457","KZ","Kazahstāna","1992",0.006,"INWARD","MLN_EUR"
"458","KZ","Kazahstāna","1993",0.006,"INWARD","MLN_EUR"
"459","KZ","Kazahstāna","1994",0,"INWARD","MLN_EUR"
"460","KZ","Kazahstāna","1995",0,"INWARD","MLN_EUR"
"461","KZ","Kazahstāna","1996",0,"INWARD","MLN_EUR"
"462","KZ","Kazahstāna","1997",0,"INWARD","MLN_EUR"
"463","KZ","Kazahstāna","1998",0,"INWARD","MLN_EUR"
"464","KZ","Kazahstāna","1999",0.001,"INWARD","MLN_EUR"
"465","KZ","Kazahstāna","2000",0.001,"INWARD","MLN_EUR"
"466","KZ","Kazahstāna","2001",0.869,"INWARD","MLN_EUR"
"467","KZ","Kazahstāna","2002",2.605,"INWARD","MLN_EUR"
"468","KZ","Kazahstāna","2003",2.605,"INWARD","MLN_EUR"
"469","KZ","Kazahstāna","2004",4.539,"INWARD","MLN_EUR"
"470","KZ","Kazahstāna","2005",5.131,"INWARD","MLN_EUR"
"471","KZ","Kazahstāna","2006",2.84,"INWARD","MLN_EUR"
"472","KZ","Kazahstāna","2007",3.418,"INWARD","MLN_EUR"
"473","KZ","Kazahstāna","2008",3.257,"INWARD","MLN_EUR"
"474","KZ","Kazahstāna","2009",3.257,"INWARD","MLN_EUR"
"475","KZ","Kazahstāna","2010",1.521,"INWARD","MLN_EUR"
"476","CY","Kipra","1992",0,"INWARD","MLN_EUR"
"477","CY","Kipra","1993",0.083,"INWARD","MLN_EUR"
"478","CY","Kipra","1994",5.541,"INWARD","MLN_EUR"
"479","CY","Kipra","1995",2.022,"INWARD","MLN_EUR"
"480","CY","Kipra","1996",2.978,"INWARD","MLN_EUR"
"481","CY","Kipra","1997",1.147,"INWARD","MLN_EUR"
"482","CY","Kipra","1998",4.387,"INWARD","MLN_EUR"
"483","CY","Kipra","1999",2.54,"INWARD","MLN_EUR"
"484","CY","Kipra","2000",0.443,"INWARD","MLN_EUR"
"485","CY","Kipra","2001",6.995,"INWARD","MLN_EUR"
"486","CY","Kipra","2002",3.994,"INWARD","MLN_EUR"
"487","CY","Kipra","2003",35.218,"INWARD","MLN_EUR"
"488","CY","Kipra","2004",22.913,"INWARD","MLN_EUR"
"489","CY","Kipra","2005",28.472,"INWARD","MLN_EUR"
"490","CY","Kipra","2006",99.873,"INWARD","MLN_EUR"
"491","CY","Kipra","2007",189.703,"INWARD","MLN_EUR"
"492","CY","Kipra","2008",250.036,"INWARD","MLN_EUR"
"493","CY","Kipra","2009",298.982,"INWARD","MLN_EUR"
"494","CY","Kipra","2010",326.778,"INWARD","MLN_EUR"
"495","KR","Korejas Republika","1992",NA,"INWARD","MLN_EUR"
"496","KR","Korejas Republika","1993",NA,"INWARD","MLN_EUR"
"497","KR","Korejas Republika","1994",NA,"INWARD","MLN_EUR"
"498","KR","Korejas Republika","1995",NA,"INWARD","MLN_EUR"
"499","KR","Korejas Republika","1996",NA,"INWARD","MLN_EUR"
"500","KR","Korejas Republika","1997",NA,"INWARD","MLN_EUR"
"501","KR","Korejas Republika","1998",NA,"INWARD","MLN_EUR"
"502","KR","Korejas Republika","1999",NA,"INWARD","MLN_EUR"
"503","KR","Korejas Republika","2000",0.105,"INWARD","MLN_EUR"
"504","KR","Korejas Republika","2001",0.105,"INWARD","MLN_EUR"
"505","KR","Korejas Republika","2002",0.105,"INWARD","MLN_EUR"
"506","KR","Korejas Republika","2003",0.105,"INWARD","MLN_EUR"
"507","KR","Korejas Republika","2004",NA,"INWARD","MLN_EUR"
"508","KR","Korejas Republika","2005",NA,"INWARD","MLN_EUR"
"509","KR","Korejas Republika","2006",4.101,"INWARD","MLN_EUR"
"510","KR","Korejas Republika","2007",7.8,"INWARD","MLN_EUR"
"511","KR","Korejas Republika","2008",7.803,"INWARD","MLN_EUR"
"512","KR","Korejas Republika","2009",7.803,"INWARD","MLN_EUR"
"513","KR","Korejas Republika","2010",7.803,"INWARD","MLN_EUR"
"514","RU","Krievija","1992",2.991,"INWARD","MLN_EUR"
"515","RU","Krievija","1993",7.672,"INWARD","MLN_EUR"
"516","RU","Krievija","1994",14.64,"INWARD","MLN_EUR"
"517","RU","Krievija","1995",72.966,"INWARD","MLN_EUR"
"518","RU","Krievija","1996",72.222,"INWARD","MLN_EUR"
"519","RU","Krievija","1997",74.936,"INWARD","MLN_EUR"
"520","RU","Krievija","1998",81.04,"INWARD","MLN_EUR"
"521","RU","Krievija","1999",80.222,"INWARD","MLN_EUR"
"522","RU","Krievija","2000",86.217,"INWARD","MLN_EUR"
"523","RU","Krievija","2001",92.462,"INWARD","MLN_EUR"
"524","RU","Krievija","2002",95.211,"INWARD","MLN_EUR"
"525","RU","Krievija","2003",115.164,"INWARD","MLN_EUR"
"526","RU","Krievija","2004",122.858,"INWARD","MLN_EUR"
"527","RU","Krievija","2005",135.184,"INWARD","MLN_EUR"
"528","RU","Krievija","2006",129.44,"INWARD","MLN_EUR"
"529","RU","Krievija","2007",153.7,"INWARD","MLN_EUR"
"530","RU","Krievija","2008",200.629,"INWARD","MLN_EUR"
"531","RU","Krievija","2009",202.505,"INWARD","MLN_EUR"
"532","RU","Krievija","2010",191.062,"INWARD","MLN_EUR"
"533","LR","Libērija","1992",NA,"INWARD","MLN_EUR"
"534","LR","Libērija","1993",NA,"INWARD","MLN_EUR"
"535","LR","Libērija","1994",1.571,"INWARD","MLN_EUR"
"536","LR","Libērija","1995",NA,"INWARD","MLN_EUR"
"537","LR","Libērija","1996",13.809,"INWARD","MLN_EUR"
"538","LR","Libērija","1997",17.461,"INWARD","MLN_EUR"
"539","LR","Libērija","1998",18.07,"INWARD","MLN_EUR"
"540","LR","Libērija","1999",18.07,"INWARD","MLN_EUR"
"541","LR","Libērija","2000",18.07,"INWARD","MLN_EUR"
"542","LR","Libērija","2001",18.07,"INWARD","MLN_EUR"
"543","LR","Libērija","2002",25.243,"INWARD","MLN_EUR"
"544","LR","Libērija","2003",25.243,"INWARD","MLN_EUR"
"545","LR","Libērija","2004",15.909,"INWARD","MLN_EUR"
"546","LR","Libērija","2005",15.909,"INWARD","MLN_EUR"
"547","LR","Libērija","2006",20.784,"INWARD","MLN_EUR"
"548","LR","Libērija","2007",20.784,"INWARD","MLN_EUR"
"549","LR","Libērija","2008",NA,"INWARD","MLN_EUR"
"550","LR","Libērija","2009",NA,"INWARD","MLN_EUR"
"551","LR","Libērija","2010",0.001,"INWARD","MLN_EUR"
"552","LT","Lietuva","1992",0.077,"INWARD","MLN_EUR"
"553","LT","Lietuva","1993",0.218,"INWARD","MLN_EUR"
"554","LT","Lietuva","1994",0.82,"INWARD","MLN_EUR"
"555","LT","Lietuva","1995",1.071,"INWARD","MLN_EUR"
"556","LT","Lietuva","1996",0.939,"INWARD","MLN_EUR"
"557","LT","Lietuva","1997",0.716,"INWARD","MLN_EUR"
"558","LT","Lietuva","1998",2.288,"INWARD","MLN_EUR"
"559","LT","Lietuva","1999",3.795,"INWARD","MLN_EUR"
"560","LT","Lietuva","2000",4.503,"INWARD","MLN_EUR"
"561","LT","Lietuva","2001",5.252,"INWARD","MLN_EUR"
"562","LT","Lietuva","2002",6.757,"INWARD","MLN_EUR"
"563","LT","Lietuva","2003",11.041,"INWARD","MLN_EUR"
"564","LT","Lietuva","2004",11.384,"INWARD","MLN_EUR"
"565","LT","Lietuva","2005",48.27,"INWARD","MLN_EUR"
"566","LT","Lietuva","2006",79.465,"INWARD","MLN_EUR"
"567","LT","Lietuva","2007",102.304,"INWARD","MLN_EUR"
"568","LT","Lietuva","2008",189.841,"INWARD","MLN_EUR"
"569","LT","Lietuva","2009",244.375,"INWARD","MLN_EUR"
"570","LT","Lietuva","2010",250.985,"INWARD","MLN_EUR"
"571","LI","Lihtenšteina","1992",0,"INWARD","MLN_EUR"
"572","LI","Lihtenšteina","1993",0.203,"INWARD","MLN_EUR"
"573","LI","Lihtenšteina","1994",3.327,"INWARD","MLN_EUR"
"574","LI","Lihtenšteina","1995",1.827,"INWARD","MLN_EUR"
"575","LI","Lihtenšteina","1996",9.129,"INWARD","MLN_EUR"
"576","LI","Lihtenšteina","1997",10.706,"INWARD","MLN_EUR"
"577","LI","Lihtenšteina","1998",12.228,"INWARD","MLN_EUR"
"578","LI","Lihtenšteina","1999",15.861,"INWARD","MLN_EUR"
"579","LI","Lihtenšteina","2000",15.296,"INWARD","MLN_EUR"
"580","LI","Lihtenšteina","2001",16.399,"INWARD","MLN_EUR"
"581","LI","Lihtenšteina","2002",16.428,"INWARD","MLN_EUR"
"582","LI","Lihtenšteina","2003",20.287,"INWARD","MLN_EUR"
"583","LI","Lihtenšteina","2004",19.36,"INWARD","MLN_EUR"
"584","LI","Lihtenšteina","2005",6.968,"INWARD","MLN_EUR"
"585","LI","Lihtenšteina","2006",6.218,"INWARD","MLN_EUR"
"586","LI","Lihtenšteina","2007",9.981,"INWARD","MLN_EUR"
"587","LI","Lihtenšteina","2008",18.953,"INWARD","MLN_EUR"
"588","LI","Lihtenšteina","2009",27.292,"INWARD","MLN_EUR"
"589","LI","Lihtenšteina","2010",27.217,"INWARD","MLN_EUR"
"590","LU","Luksemburga","1992",NA,"INWARD","MLN_EUR"
"591","LU","Luksemburga","1993",NA,"INWARD","MLN_EUR"
"592","LU","Luksemburga","1994",NA,"INWARD","MLN_EUR"
"593","LU","Luksemburga","1995",NA,"INWARD","MLN_EUR"
"594","LU","Luksemburga","1996",NA,"INWARD","MLN_EUR"
"595","LU","Luksemburga","1997",0.09,"INWARD","MLN_EUR"
"596","LU","Luksemburga","1998",0.048,"INWARD","MLN_EUR"
"597","LU","Luksemburga","1999",0.128,"INWARD","MLN_EUR"
"598","LU","Luksemburga","2000",0.212,"INWARD","MLN_EUR"
"599","LU","Luksemburga","2001",0.215,"INWARD","MLN_EUR"
"600","LU","Luksemburga","2002",2.349,"INWARD","MLN_EUR"
"601","LU","Luksemburga","2003",2.797,"INWARD","MLN_EUR"
"602","LU","Luksemburga","2004",1.457,"INWARD","MLN_EUR"
"603","LU","Luksemburga","2005",4.353,"INWARD","MLN_EUR"
"604","LU","Luksemburga","2006",8.455,"INWARD","MLN_EUR"
"605","LU","Luksemburga","2007",8.827,"INWARD","MLN_EUR"
"606","LU","Luksemburga","2008",44.246,"INWARD","MLN_EUR"
"607","LU","Luksemburga","2009",51.499,"INWARD","MLN_EUR"
"608","LU","Luksemburga","2010",151.435,"INWARD","MLN_EUR"
"609","MT","Malta","1992",NA,"INWARD","MLN_EUR"
"610","MT","Malta","1993",NA,"INWARD","MLN_EUR"
"611","MT","Malta","1994",NA,"INWARD","MLN_EUR"
"612","MT","Malta","1995",NA,"INWARD","MLN_EUR"
"613","MT","Malta","1996",NA,"INWARD","MLN_EUR"
"614","MT","Malta","1997",0.131,"INWARD","MLN_EUR"
"615","MT","Malta","1998",0.129,"INWARD","MLN_EUR"
"616","MT","Malta","1999",0.369,"INWARD","MLN_EUR"
"617","MT","Malta","2000",0.366,"INWARD","MLN_EUR"
"618","MT","Malta","2001",1.865,"INWARD","MLN_EUR"
"619","MT","Malta","2002",1.898,"INWARD","MLN_EUR"
"620","MT","Malta","2003",3.775,"INWARD","MLN_EUR"
"621","MT","Malta","2004",0.05,"INWARD","MLN_EUR"
"622","MT","Malta","2005",4.66,"INWARD","MLN_EUR"
"623","MT","Malta","2006",12.294,"INWARD","MLN_EUR"
"624","MT","Malta","2007",17.271,"INWARD","MLN_EUR"
"625","MT","Malta","2008",17.211,"INWARD","MLN_EUR"
"626","MT","Malta","2009",55.99,"INWARD","MLN_EUR"
"627","MT","Malta","2010",101.042,"INWARD","MLN_EUR"
"628","MU","Maurīcija","1992",NA,"INWARD","MLN_EUR"
"629","MU","Maurīcija","1993",NA,"INWARD","MLN_EUR"
"630","MU","Maurīcija","1994",NA,"INWARD","MLN_EUR"
"631","MU","Maurīcija","1995",NA,"INWARD","MLN_EUR"
"632","MU","Maurīcija","1996",NA,"INWARD","MLN_EUR"
"633","MU","Maurīcija","1997",NA,"INWARD","MLN_EUR"
"634","MU","Maurīcija","1998",NA,"INWARD","MLN_EUR"
"635","MU","Maurīcija","1999",0.001,"INWARD","MLN_EUR"
"636","MU","Maurīcija","2000",8.028,"INWARD","MLN_EUR"
"637","MU","Maurīcija","2001",0.572,"INWARD","MLN_EUR"
"638","MU","Maurīcija","2002",0.647,"INWARD","MLN_EUR"
"639","MU","Maurīcija","2003",0.748,"INWARD","MLN_EUR"
"640","MU","Maurīcija","2004",9.466,"INWARD","MLN_EUR"
"641","MU","Maurīcija","2005",7.776,"INWARD","MLN_EUR"
"642","MU","Maurīcija","2006",7.671,"INWARD","MLN_EUR"
"643","MU","Maurīcija","2007",7.671,"INWARD","MLN_EUR"
"644","MU","Maurīcija","2008",7.671,"INWARD","MLN_EUR"
"645","MU","Maurīcija","2009",7.671,"INWARD","MLN_EUR"
"646","MU","Maurīcija","2010",7.85,"INWARD","MLN_EUR"
"647","IM","Menas sala","1992",0,"INWARD","MLN_EUR"
"648","IM","Menas sala","1993",0,"INWARD","MLN_EUR"
"649","IM","Menas sala","1994",0,"INWARD","MLN_EUR"
"650","IM","Menas sala","1995",0,"INWARD","MLN_EUR"
"651","IM","Menas sala","1996",1.319,"INWARD","MLN_EUR"
"652","IM","Menas sala","1997",0.785,"INWARD","MLN_EUR"
"653","IM","Menas sala","1998",24.415,"INWARD","MLN_EUR"
"654","IM","Menas sala","1999",21.741,"INWARD","MLN_EUR"
"655","IM","Menas sala","2000",21.837,"INWARD","MLN_EUR"
"656","IM","Menas sala","2001",22.174,"INWARD","MLN_EUR"
"657","IM","Menas sala","2002",0.521,"INWARD","MLN_EUR"
"658","IM","Menas sala","2003",0.932,"INWARD","MLN_EUR"
"659","IM","Menas sala","2004",2.474,"INWARD","MLN_EUR"
"660","IM","Menas sala","2005",1.252,"INWARD","MLN_EUR"
"661","IM","Menas sala","2006",4.668,"INWARD","MLN_EUR"
"662","IM","Menas sala","2007",4.678,"INWARD","MLN_EUR"
"663","IM","Menas sala","2008",3.865,"INWARD","MLN_EUR"
"664","IM","Menas sala","2009",6.419,"INWARD","MLN_EUR"
"665","IM","Menas sala","2010",6.615,"INWARD","MLN_EUR"
"666","Unknown","Nav sadalīts pa valstīm","1992",NA,"INWARD","MLN_EUR"
"667","Unknown","Nav sadalīts pa valstīm","1993",NA,"INWARD","MLN_EUR"
"668","Unknown","Nav sadalīts pa valstīm","1994",17.003,"INWARD","MLN_EUR"
"669","Unknown","Nav sadalīts pa valstīm","1995",22.43,"INWARD","MLN_EUR"
"670","Unknown","Nav sadalīts pa valstīm","1996",23.951,"INWARD","MLN_EUR"
"671","Unknown","Nav sadalīts pa valstīm","1997",56.75,"INWARD","MLN_EUR"
"672","Unknown","Nav sadalīts pa valstīm","1998",45.015,"INWARD","MLN_EUR"
"673","Unknown","Nav sadalīts pa valstīm","1999",55.781,"INWARD","MLN_EUR"
"674","Unknown","Nav sadalīts pa valstīm","2000",42.907,"INWARD","MLN_EUR"
"675","Unknown","Nav sadalīts pa valstīm","2001",105.105,"INWARD","MLN_EUR"
"676","Unknown","Nav sadalīts pa valstīm","2002",135.393,"INWARD","MLN_EUR"
"677","Unknown","Nav sadalīts pa valstīm","2003",171.671,"INWARD","MLN_EUR"
"678","Unknown","Nav sadalīts pa valstīm","2004",158.506,"INWARD","MLN_EUR"
"679","Unknown","Nav sadalīts pa valstīm","2005",125.472,"INWARD","MLN_EUR"
"680","Unknown","Nav sadalīts pa valstīm","2006",124.365,"INWARD","MLN_EUR"
"681","Unknown","Nav sadalīts pa valstīm","2007",132.432,"INWARD","MLN_EUR"
"682","Unknown","Nav sadalīts pa valstīm","2008",93.69,"INWARD","MLN_EUR"
"683","Unknown","Nav sadalīts pa valstīm","2009",96.799,"INWARD","MLN_EUR"
"684","Unknown","Nav sadalīts pa valstīm","2010",190.143,"INWARD","MLN_EUR"
"685","NL","Nīderlande","1992",0.306,"INWARD","MLN_EUR"
"686","NL","Nīderlande","1993",3.933,"INWARD","MLN_EUR"
"687","NL","Nīderlande","1994",12.029,"INWARD","MLN_EUR"
"688","NL","Nīderlande","1995",15.138,"INWARD","MLN_EUR"
"689","NL","Nīderlande","1996",8.011,"INWARD","MLN_EUR"
"690","NL","Nīderlande","1997",16.191,"INWARD","MLN_EUR"
"691","NL","Nīderlande","1998",23.573,"INWARD","MLN_EUR"
"692","NL","Nīderlande","1999",32.057,"INWARD","MLN_EUR"
"693","NL","Nīderlande","2000",35.452,"INWARD","MLN_EUR"
"694","NL","Nīderlande","2001",47.514,"INWARD","MLN_EUR"
"695","NL","Nīderlande","2002",58.379,"INWARD","MLN_EUR"
"696","NL","Nīderlande","2003",91.249,"INWARD","MLN_EUR"
"697","NL","Nīderlande","2004",100.305,"INWARD","MLN_EUR"
"698","NL","Nīderlande","2005",100.55,"INWARD","MLN_EUR"
"699","NL","Nīderlande","2006",135.137,"INWARD","MLN_EUR"
"700","NL","Nīderlande","2007",171.089,"INWARD","MLN_EUR"
"701","NL","Nīderlande","2008",202.654,"INWARD","MLN_EUR"
"702","NL","Nīderlande","2009",269.25,"INWARD","MLN_EUR"
"703","NL","Nīderlande","2010",329.47,"INWARD","MLN_EUR"
"704","NO","Norvēģija","1992",0.083,"INWARD","MLN_EUR"
"705","NO","Norvēģija","1993",0.104,"INWARD","MLN_EUR"
"706","NO","Norvēģija","1994",0.051,"INWARD","MLN_EUR"
"707","NO","Norvēģija","1995",0.074,"INWARD","MLN_EUR"
"708","NO","Norvēģija","1996",2.131,"INWARD","MLN_EUR"
"709","NO","Norvēģija","1997",1.636,"INWARD","MLN_EUR"
"710","NO","Norvēģija","1998",37.779,"INWARD","MLN_EUR"
"711","NO","Norvēģija","1999",40.67,"INWARD","MLN_EUR"
"712","NO","Norvēģija","2000",48.94,"INWARD","MLN_EUR"
"713","NO","Norvēģija","2001",82.185,"INWARD","MLN_EUR"
"714","NO","Norvēģija","2002",122.417,"INWARD","MLN_EUR"
"715","NO","Norvēģija","2003",119.285,"INWARD","MLN_EUR"
"716","NO","Norvēģija","2004",130.622,"INWARD","MLN_EUR"
"717","NO","Norvēģija","2005",117.128,"INWARD","MLN_EUR"
"718","NO","Norvēģija","2006",182.367,"INWARD","MLN_EUR"
"719","NO","Norvēģija","2007",235.892,"INWARD","MLN_EUR"
"720","NO","Norvēģija","2008",267.813,"INWARD","MLN_EUR"
"721","NO","Norvēģija","2009",291.729,"INWARD","MLN_EUR"
"722","NO","Norvēģija","2010",325.27,"INWARD","MLN_EUR"
"723","PA","Panama","1992",NA,"INWARD","MLN_EUR"
"724","PA","Panama","1993",0,"INWARD","MLN_EUR"
"725","PA","Panama","1994",1.522,"INWARD","MLN_EUR"
"726","PA","Panama","1995",1.743,"INWARD","MLN_EUR"
"727","PA","Panama","1996",0.122,"INWARD","MLN_EUR"
"728","PA","Panama","1997",2.659,"INWARD","MLN_EUR"
"729","PA","Panama","1998",6.693,"INWARD","MLN_EUR"
"730","PA","Panama","1999",6.622,"INWARD","MLN_EUR"
"731","PA","Panama","2000",6.622,"INWARD","MLN_EUR"
"732","PA","Panama","2001",6.191,"INWARD","MLN_EUR"
"733","PA","Panama","2002",2.779,"INWARD","MLN_EUR"
"734","PA","Panama","2003",4.814,"INWARD","MLN_EUR"
"735","PA","Panama","2004",16.125,"INWARD","MLN_EUR"
"736","PA","Panama","2005",17.257,"INWARD","MLN_EUR"
"737","PA","Panama","2006",19.136,"INWARD","MLN_EUR"
"738","PA","Panama","2007",19.241,"INWARD","MLN_EUR"
"739","PA","Panama","2008",6.352,"INWARD","MLN_EUR"
"740","PA","Panama","2009",10.212,"INWARD","MLN_EUR"
"741","PA","Panama","2010",19.859,"INWARD","MLN_EUR"
"742","Other","Pārējās valstis","1992",0.323,"INWARD","MLN_EUR"
"743","Other","Pārējās valstis","1993",0.659,"INWARD","MLN_EUR"
"744","Other","Pārējās valstis","1994",5.502,"INWARD","MLN_EUR"
"745","Other","Pārējās valstis","1995",7.251,"INWARD","MLN_EUR"
"746","Other","Pārējās valstis","1996",23.883,"INWARD","MLN_EUR"
"747","Other","Pārējās valstis","1997",14.298,"INWARD","MLN_EUR"
"748","Other","Pārējās valstis","1998",10.232,"INWARD","MLN_EUR"
"749","Other","Pārējās valstis","1999",9.334,"INWARD","MLN_EUR"
"750","Other","Pārējās valstis","2000",9.812,"INWARD","MLN_EUR"
"751","Other","Pārējās valstis","2001",10.314,"INWARD","MLN_EUR"
"752","Other","Pārējās valstis","2002",11.454,"INWARD","MLN_EUR"
"753","Other","Pārējās valstis","2003",12.363,"INWARD","MLN_EUR"
"754","Other","Pārējās valstis","2004",2.758,"INWARD","MLN_EUR"
"755","Other","Pārējās valstis","2005",4.557,"INWARD","MLN_EUR"
"756","Other","Pārējās valstis","2006",6.171,"INWARD","MLN_EUR"
"757","Other","Pārējās valstis","2007",11.615,"INWARD","MLN_EUR"
"758","Other","Pārējās valstis","2008",17.341,"INWARD","MLN_EUR"
"759","Other","Pārējās valstis","2009",120.808,"INWARD","MLN_EUR"
"760","Other","Pārējās valstis","2010",237.241,"INWARD","MLN_EUR"
"761","TOT","PAVISAM","1992",32.01,"INWARD","MLN_EUR"
"762","TOT","PAVISAM","1993",71.563,"INWARD","MLN_EUR"
"763","TOT","PAVISAM","1994",246.581,"INWARD","MLN_EUR"
"764","TOT","PAVISAM","1995",390.116,"INWARD","MLN_EUR"
"765","TOT","PAVISAM","1996",537.346,"INWARD","MLN_EUR"
"766","TOT","PAVISAM","1997",786.068,"INWARD","MLN_EUR"
"767","TOT","PAVISAM","1998",941.268,"INWARD","MLN_EUR"
"768","TOT","PAVISAM","1999",1059.882,"INWARD","MLN_EUR"
"769","TOT","PAVISAM","2000",1184.121,"INWARD","MLN_EUR"
"770","TOT","PAVISAM","2001",1516.474,"INWARD","MLN_EUR"
"771","TOT","PAVISAM","2002",1662.135,"INWARD","MLN_EUR"
"772","TOT","PAVISAM","2003",1813.554,"INWARD","MLN_EUR"
"773","TOT","PAVISAM","2004",1837.599,"INWARD","MLN_EUR"
"774","TOT","PAVISAM","2005",1972.79,"INWARD","MLN_EUR"
"775","TOT","PAVISAM","2006",2486.682,"INWARD","MLN_EUR"
"776","TOT","PAVISAM","2007",3274.702,"INWARD","MLN_EUR"
"777","TOT","PAVISAM","2008",3603.376,"INWARD","MLN_EUR"
"778","TOT","PAVISAM","2009",4784.355,"INWARD","MLN_EUR"
"779","TOT","PAVISAM","2010",5474.556,"INWARD","MLN_EUR"
"780","PL","Polija","1992",0.24,"INWARD","MLN_EUR"
"781","PL","Polija","1993",1.227,"INWARD","MLN_EUR"
"782","PL","Polija","1994",1.211,"INWARD","MLN_EUR"
"783","PL","Polija","1995",0.801,"INWARD","MLN_EUR"
"784","PL","Polija","1996",1.19,"INWARD","MLN_EUR"
"785","PL","Polija","1997",0.437,"INWARD","MLN_EUR"
"786","PL","Polija","1998",0.265,"INWARD","MLN_EUR"
"787","PL","Polija","1999",0.37,"INWARD","MLN_EUR"
"788","PL","Polija","2000",0.394,"INWARD","MLN_EUR"
"789","PL","Polija","2001",0.727,"INWARD","MLN_EUR"
"790","PL","Polija","2002",0.627,"INWARD","MLN_EUR"
"791","PL","Polija","2003",0.751,"INWARD","MLN_EUR"
"792","PL","Polija","2004",1.057,"INWARD","MLN_EUR"
"793","PL","Polija","2005",1.971,"INWARD","MLN_EUR"
"794","PL","Polija","2006",2.092,"INWARD","MLN_EUR"
"795","PL","Polija","2007",1.996,"INWARD","MLN_EUR"
"796","PL","Polija","2008",1.114,"INWARD","MLN_EUR"
"797","PL","Polija","2009",1.487,"INWARD","MLN_EUR"
"798","PL","Polija","2010",1.218,"INWARD","MLN_EUR"
"799","SA","Saūda Arābija","1992",NA,"INWARD","MLN_EUR"
"800","SA","Saūda Arābija","1993",NA,"INWARD","MLN_EUR"
"801","SA","Saūda Arābija","1994",NA,"INWARD","MLN_EUR"
"802","SA","Saūda Arābija","1995",NA,"INWARD","MLN_EUR"
"803","SA","Saūda Arābija","1996",NA,"INWARD","MLN_EUR"
"804","SA","Saūda Arābija","1997",1.992,"INWARD","MLN_EUR"
"805","SA","Saūda Arābija","1998",NA,"INWARD","MLN_EUR"
"806","SA","Saūda Arābija","1999",NA,"INWARD","MLN_EUR"
"807","SA","Saūda Arābija","2000",NA,"INWARD","MLN_EUR"
"808","SA","Saūda Arābija","2001",NA,"INWARD","MLN_EUR"
"809","SA","Saūda Arābija","2002",NA,"INWARD","MLN_EUR"
"810","SA","Saūda Arābija","2003",NA,"INWARD","MLN_EUR"
"811","SA","Saūda Arābija","2004",1.266,"INWARD","MLN_EUR"
"812","SA","Saūda Arābija","2005",1.266,"INWARD","MLN_EUR"
"813","SA","Saūda Arābija","2006",1.266,"INWARD","MLN_EUR"
"814","SA","Saūda Arābija","2007",1.266,"INWARD","MLN_EUR"
"815","SA","Saūda Arābija","2008",1.266,"INWARD","MLN_EUR"
"816","SA","Saūda Arābija","2009",1.574,"INWARD","MLN_EUR"
"817","SA","Saūda Arābija","2010",1.574,"INWARD","MLN_EUR"
"818","SG","Singapūra","1992",0.004,"INWARD","MLN_EUR"
"819","SG","Singapūra","1993",0.004,"INWARD","MLN_EUR"
"820","SG","Singapūra","1994",0,"INWARD","MLN_EUR"
"821","SG","Singapūra","1995",0,"INWARD","MLN_EUR"
"822","SG","Singapūra","1996",0.427,"INWARD","MLN_EUR"
"823","SG","Singapūra","1997",63.917,"INWARD","MLN_EUR"
"824","SG","Singapūra","1998",26.737,"INWARD","MLN_EUR"
"825","SG","Singapūra","1999",24.55,"INWARD","MLN_EUR"
"826","SG","Singapūra","2000",24.553,"INWARD","MLN_EUR"
"827","SG","Singapūra","2001",23.581,"INWARD","MLN_EUR"
"828","SG","Singapūra","2002",23.581,"INWARD","MLN_EUR"
"829","SG","Singapūra","2003",23.581,"INWARD","MLN_EUR"
"830","SG","Singapūra","2004",0,"INWARD","MLN_EUR"
"831","SG","Singapūra","2005",0.534,"INWARD","MLN_EUR"
"832","SG","Singapūra","2006",0.534,"INWARD","MLN_EUR"
"833","SG","Singapūra","2007",0.849,"INWARD","MLN_EUR"
"834","SG","Singapūra","2008",0.316,"INWARD","MLN_EUR"
"835","SG","Singapūra","2009",0.316,"INWARD","MLN_EUR"
"836","SG","Singapūra","2010",0.319,"INWARD","MLN_EUR"
"837","FI","Somija","1992",1.143,"INWARD","MLN_EUR"
"838","FI","Somija","1993",2.167,"INWARD","MLN_EUR"
"839","FI","Somija","1994",5.433,"INWARD","MLN_EUR"
"840","FI","Somija","1995",11.041,"INWARD","MLN_EUR"
"841","FI","Somija","1996",14.758,"INWARD","MLN_EUR"
"842","FI","Somija","1997",23.179,"INWARD","MLN_EUR"
"843","FI","Somija","1998",43.527,"INWARD","MLN_EUR"
"844","FI","Somija","1999",56.65,"INWARD","MLN_EUR"
"845","FI","Somija","2000",63.378,"INWARD","MLN_EUR"
"846","FI","Somija","2001",76.407,"INWARD","MLN_EUR"
"847","FI","Somija","2002",86.496,"INWARD","MLN_EUR"
"848","FI","Somija","2003",103.014,"INWARD","MLN_EUR"
"849","FI","Somija","2004",122.26,"INWARD","MLN_EUR"
"850","FI","Somija","2005",98.451,"INWARD","MLN_EUR"
"851","FI","Somija","2006",104.958,"INWARD","MLN_EUR"
"852","FI","Somija","2007",112.519,"INWARD","MLN_EUR"
"853","FI","Somija","2008",145.405,"INWARD","MLN_EUR"
"854","FI","Somija","2009",194.336,"INWARD","MLN_EUR"
"855","FI","Somija","2010",242.261,"INWARD","MLN_EUR"
"856","ES","Spānija","1992",0.013,"INWARD","MLN_EUR"
"857","ES","Spānija","1993",0.238,"INWARD","MLN_EUR"
"858","ES","Spānija","1994",1.456,"INWARD","MLN_EUR"
"859","ES","Spānija","1995",1.7,"INWARD","MLN_EUR"
"860","ES","Spānija","1996",2.195,"INWARD","MLN_EUR"
"861","ES","Spānija","1997",3.364,"INWARD","MLN_EUR"
"862","ES","Spānija","1998",3.291,"INWARD","MLN_EUR"
"863","ES","Spānija","1999",0.834,"INWARD","MLN_EUR"
"864","ES","Spānija","2000",0.743,"INWARD","MLN_EUR"
"865","ES","Spānija","2001",1.016,"INWARD","MLN_EUR"
"866","ES","Spānija","2002",1.299,"INWARD","MLN_EUR"
"867","ES","Spānija","2003",2.268,"INWARD","MLN_EUR"
"868","ES","Spānija","2004",0.343,"INWARD","MLN_EUR"
"869","ES","Spānija","2005",0.044,"INWARD","MLN_EUR"
"870","ES","Spānija","2006",1.282,"INWARD","MLN_EUR"
"871","ES","Spānija","2007",1.695,"INWARD","MLN_EUR"
"872","ES","Spānija","2008",2.423,"INWARD","MLN_EUR"
"873","ES","Spānija","2009",2.353,"INWARD","MLN_EUR"
"874","ES","Spānija","2010",3.149,"INWARD","MLN_EUR"
"875","CH","Šveice","1992",0.094,"INWARD","MLN_EUR"
"876","CH","Šveice","1993",4.385,"INWARD","MLN_EUR"
"877","CH","Šveice","1994",14.119,"INWARD","MLN_EUR"
"878","CH","Šveice","1995",14.133,"INWARD","MLN_EUR"
"879","CH","Šveice","1996",21.255,"INWARD","MLN_EUR"
"880","CH","Šveice","1997",22.675,"INWARD","MLN_EUR"
"881","CH","Šveice","1998",22.084,"INWARD","MLN_EUR"
"882","CH","Šveice","1999",12.143,"INWARD","MLN_EUR"
"883","CH","Šveice","2000",23.025,"INWARD","MLN_EUR"
"884","CH","Šveice","2001",32.847,"INWARD","MLN_EUR"
"885","CH","Šveice","2002",35.465,"INWARD","MLN_EUR"
"886","CH","Šveice","2003",48.871,"INWARD","MLN_EUR"
"887","CH","Šveice","2004",30.303,"INWARD","MLN_EUR"
"888","CH","Šveice","2005",43.297,"INWARD","MLN_EUR"
"889","CH","Šveice","2006",43.712,"INWARD","MLN_EUR"
"890","CH","Šveice","2007",37.073,"INWARD","MLN_EUR"
"891","CH","Šveice","2008",32.234,"INWARD","MLN_EUR"
"892","CH","Šveice","2009",58.595,"INWARD","MLN_EUR"
"893","CH","Šveice","2010",128.502,"INWARD","MLN_EUR"
"894","UA","Ukraina","1992",0.199,"INWARD","MLN_EUR"
"895","UA","Ukraina","1993",0.361,"INWARD","MLN_EUR"
"896","UA","Ukraina","1994",1.265,"INWARD","MLN_EUR"
"897","UA","Ukraina","1995",1.642,"INWARD","MLN_EUR"
"898","UA","Ukraina","1996",1.733,"INWARD","MLN_EUR"
"899","UA","Ukraina","1997",2.23,"INWARD","MLN_EUR"
"900","UA","Ukraina","1998",2.272,"INWARD","MLN_EUR"
"901","UA","Ukraina","1999",3.569,"INWARD","MLN_EUR"
"902","UA","Ukraina","2000",3.495,"INWARD","MLN_EUR"
"903","UA","Ukraina","2001",5.423,"INWARD","MLN_EUR"
"904","UA","Ukraina","2002",9.448,"INWARD","MLN_EUR"
"905","UA","Ukraina","2003",9.73,"INWARD","MLN_EUR"
"906","UA","Ukraina","2004",7.881,"INWARD","MLN_EUR"
"907","UA","Ukraina","2005",9.162,"INWARD","MLN_EUR"
"908","UA","Ukraina","2006",14.593,"INWARD","MLN_EUR"
"909","UA","Ukraina","2007",40.715,"INWARD","MLN_EUR"
"910","UA","Ukraina","2008",43.338,"INWARD","MLN_EUR"
"911","UA","Ukraina","2009",56.07,"INWARD","MLN_EUR"
"912","UA","Ukraina","2010",68.103,"INWARD","MLN_EUR"
"913","DE","Vācija","1992",0.848,"INWARD","MLN_EUR"
"914","DE","Vācija","1993",5.212,"INWARD","MLN_EUR"
"915","DE","Vācija","1994",17.077,"INWARD","MLN_EUR"
"916","DE","Vācija","1995",23.292,"INWARD","MLN_EUR"
"917","DE","Vācija","1996",25.314,"INWARD","MLN_EUR"
"918","DE","Vācija","1997",68.898,"INWARD","MLN_EUR"
"919","DE","Vācija","1998",80.624,"INWARD","MLN_EUR"
"920","DE","Vācija","1999",93.163,"INWARD","MLN_EUR"
"921","DE","Vācija","2000",150.624,"INWARD","MLN_EUR"
"922","DE","Vācija","2001",191.834,"INWARD","MLN_EUR"
"923","DE","Vācija","2002",183.461,"INWARD","MLN_EUR"
"924","DE","Vācija","2003",179.818,"INWARD","MLN_EUR"
"925","DE","Vācija","2004",184.938,"INWARD","MLN_EUR"
"926","DE","Vācija","2005",128.103,"INWARD","MLN_EUR"
"927","DE","Vācija","2006",172.247,"INWARD","MLN_EUR"
"928","DE","Vācija","2007",124.528,"INWARD","MLN_EUR"
"929","DE","Vācija","2008",128.42,"INWARD","MLN_EUR"
"930","DE","Vācija","2009",132.233,"INWARD","MLN_EUR"
"931","DE","Vācija","2010",112.78,"INWARD","MLN_EUR"
"932","SE","Zviedrija","1992",2.269,"INWARD","MLN_EUR"
"933","SE","Zviedrija","1993",5.844,"INWARD","MLN_EUR"
"934","SE","Zviedrija","1994",7.116,"INWARD","MLN_EUR"
"935","SE","Zviedrija","1995",10.812,"INWARD","MLN_EUR"
"936","SE","Zviedrija","1996",26.286,"INWARD","MLN_EUR"
"937","SE","Zviedrija","1997",38.062,"INWARD","MLN_EUR"
"938","SE","Zviedrija","1998",63.268,"INWARD","MLN_EUR"
"939","SE","Zviedrija","1999",90.99,"INWARD","MLN_EUR"
"940","SE","Zviedrija","2000",120.716,"INWARD","MLN_EUR"
"941","SE","Zviedrija","2001",199.327,"INWARD","MLN_EUR"
"942","SE","Zviedrija","2002",213.445,"INWARD","MLN_EUR"
"943","SE","Zviedrija","2003",228.341,"INWARD","MLN_EUR"
"944","SE","Zviedrija","2004",230.999,"INWARD","MLN_EUR"
"945","SE","Zviedrija","2005",280.338,"INWARD","MLN_EUR"
"946","SE","Zviedrija","2006",284.885,"INWARD","MLN_EUR"
"947","SE","Zviedrija","2007",293.298,"INWARD","MLN_EUR"
"948","SE","Zviedrija","2008",330.229,"INWARD","MLN_EUR"
"949","SE","Zviedrija","2009",442.637,"INWARD","MLN_EUR"
"950","SE","Zviedrija","2010",493.048,"INWARD","MLN_EUR"
